District Number,District Name,School Name,School Number,Calendar Name,Instructional Days,Instructional Minutes,Instructional Hours,Operating 4 Day
6001,Aberdeen 06-1,Aberdeen Alternative Learning Center,12,17-18 Aberdeen Alternative Lea,174,64722,1078.7,No
6001,Aberdeen 06-1,C.C. Lee Elementary,5,17-18 C.C. Lee Elementary,173,59985,999.75,No
6001,Aberdeen 06-1,Central High School,1,17-18 Central High School,173,69390,1156.5,No
6001,Aberdeen 06-1,Holgate Middle School,2,17-18 Holgate Middle School,174,62766,1046.1,No
6001,Aberdeen 06-1,Lincoln Elementary,8,17-18 Lincoln Elementary,174,60315,1005.25,No
6001,Aberdeen 06-1,May Overby Elementary,9,17-18 May Overby Elementary,174,60315,1005.25,No
6001,Aberdeen 06-1,Mike Miller Elementary,7,17-18 Mike Miller Elementary,174,60315,1005.25,No
6001,Aberdeen 06-1,New Beginnings,89,17-18 New Beginnings,174,67175,1119.58333,No
6001,Aberdeen 06-1,O.M. Tiffany Elementary,11,17-18 O.M. Tiffany Elementary,174,60315,1005.25,No
6001,Aberdeen 06-1,Simmons Elementary,10,17-18 Simmons Elementary,174,60315,1005.25,No
6001,Aberdeen 06-1,Simmons Middle School,3,17-18 Simmons Middle School,174,64722,1078.7,No
58003,Agar-Blunt-Onida 58-3,Blunt Elementary,3,17-18 Blunt 4th-5th ,169,56510,941.83333,No
58003,Agar-Blunt-Onida 58-3,Blunt Elementary,3,17-18 Blunt K-3,169,56510,941.83333,No
58003,Agar-Blunt-Onida 58-3,Onida Elementary,4,17-18 Onida 4th-6th,169,62142,1035.7,No
58003,Agar-Blunt-Onida 58-3,Onida Elementary,4,17-18 Onida K-3,169,56510,941.83333,No
58003,Agar-Blunt-Onida 58-3,Sully Buttes High School,7,17-18 Sully Buttes High School,169,62142,1035.7,No
58003,Agar-Blunt-Onida 58-3,Sully Buttes Junior High,6,17-18 Sully Buttes Junior High,169,62142,1035.7,No
61001,Alcester-Hudson 61-1,Alcester-Hudson Elementary,4,17-18 Alcester-Hudson ELEM,170,62089,1034.81667,No
61001,Alcester-Hudson 61-1,Alcester-Hudson High School,1,17-18 Alcester-Hudson High Sch,170,61670,1027.83333,No
61001,Alcester-Hudson 61-1,Alcester-Hudson JH,3,17-18 Alcester-Hudson JH,170,61670,1027.83333,No
11001,Andes Central 11-1,Andes Central Elementary,2,17-18 Andes Central Elementary,167,68110,1135.16667,No
11001,Andes Central 11-1,Andes Central High School,1,17-18 Andes Central High Schoo,167,65476,1091.26667,No
11001,Andes Central 11-1,Andes Central Middle School,4,17-18 Andes Central Jr High,167,65486,1091.43333,No
11001,Andes Central 11-1,Lakeview Colony Elem,5,17-18 Lakeview Colony Elem,167,64370,1072.83333,No
11001,Andes Central 11-1,Pease Creek Colony Elementary,6,17-18 Pease Creek Colony ,143,59405,990.08333,No
38001,Arlington 38-1,Arlington Elementary,2,17-18 Arlington Elementary,166,58580,976.33333,No
38001,Arlington 38-1,Arlington Elementary,2,17-18 Kindergarten,166,58940,982.33333,No
38001,Arlington 38-1,Arlington High School,1,17-18 Arlington High School,166,61728,1028.8,No
38001,Arlington 38-1,Arlington Junior High School,3,17-18 Arlington Junior High Sc,166,61728,1028.8,No
21001,Armour 21-1,Armour Elementary,2,17-18 Armour Elementary,175,68335,1138.91667,No
21001,Armour 21-1,Armour High School,1,17-18 Armour High School,175,64010,1066.83333,No
21001,Armour 21-1,Armour Middle School,3,17-18 Armour Middle School,175,66086,1101.43333,No
4001,Avon 04-1,Avon Elementary School,2,17-18 Avon Elem,166,58785,979.75,No
4001,Avon 04-1,Avon Elementary School,2,17-18 Avon KG,163,52860,881,No
4001,Avon 04-1,Avon High School,1,17-18 Avon HS,166,64536,1075.6,No
4001,Avon 04-1,Avon Jr High School,5,17-18 Avon JH,166,64536,1075.6,No
49001,Baltic 49-1,Baltic Elem,2, 17-18 Baltic Elem 4-5,185,63995,1066.58333,No
49001,Baltic 49-1,Baltic Elem,2,17-18 Baltic Elem K-3,185,58625,977.08333,No
49001,Baltic 49-1,Baltic High School,1,17-18 Baltic High School,174,66052,1100.86667,No
49001,Baltic 49-1,Baltic Middle School,3,17-18 Baltic Middle School,174,66052,1100.86667,No
9001,Belle Fourche 09-1,Belle Fourche Education Connection,9,17-18 Belle Fourche Education ,156,64584,1076.4,No
9001,Belle Fourche 09-1,Belle Fourche HS,1,17-18 Belle Fourche HS,157,64998,1083.3,Yes
9001,Belle Fourche 09-1,Belle Fourche MS,7,17-18 Belle Fourche MS,162,65940,1099,Yes
9001,Belle Fourche 09-1,North Park Elementary,8,17-18 North Park Elementary,158,55800,930,Yes
9001,Belle Fourche 09-1,South Park Elementary,3,17-18 South Park Elementary,157,59290,988.16667,Yes
3001,Bennett County 03-1,Bennett County High School,1,17-18 Bennett County High Scho,149,61920,1032,Yes
3001,Bennett County 03-1,Bennett County Middle School,6,17-18 Bennett County Jr High,149,61920,1032,Yes
3001,Bennett County 03-1,Martin Elem,3,17-18 Martin Elem,150,62340,1039,Yes
61002,Beresford 61-2,Beresford Elementary,2,17-18 Beresford Elementary,172,58931,982.18333,No
61002,Beresford 61-2,Beresford High School,1,17-18 Beresford High School,172,62230,1037.16667,No
61002,Beresford 61-2,Beresford Middle School,3,17-18 Beresford Middle School,172,62398,1039.96667,No
25001,Big Stone City 25-1,Big Stone City Elementary,1,2017-2018 Big Stone City Eleme,167,57050,950.83333,No
25001,Big Stone City 25-1,Big Stone MS,3,2017-2018 Big Stone MS,167,58117,958.98333,No
52001,Bison 52-1,Bison Elementary,2,Bison Elementary 17-18,142,58101,968.35,Yes
52001,Bison 52-1,Bison High School,1,Bison High School 17-18,142,60206,1003.43333,Yes
52001,Bison 52-1,Bison JH,4,Bison JH 17-18,142,60209,1003.48333,Yes
4002,Bon Homme 04-2,BH Colony Alternative HS,19,17-18 BH Colony Alternative HS,151,60650,1010.83333,Yes
4002,Bon Homme 04-2,Bon Homme High School,1,17-18 Bon Homme High School,151,60105,1001.75,Yes
4002,Bon Homme 04-2,Bon Homme Middle School,2,17-18 Bon Homme Middle School,150,60049,1000.81667,Yes
4002,Bon Homme 04-2,Hutterische Colony Elementary,18,17-18 Hutterische Colony Eleme,151,62425,1040.41667,Yes
4002,Bon Homme 04-2,Hutterische Colony Elementary,18,JK 17-18 Hutterische Colony El,150,60180,1003,Yes
4002,Bon Homme 04-2,Springfield Elementary,3,17-18 Springfield Elementary,151,60630,1010.5,Yes
4002,Bon Homme 04-2,Tabor Elementary,5,17-18 Tabor Elementary,151,60780,1013,Yes
4002,Bon Homme 04-2,Tyndall Elementary,4,17-18 Tyndall Elementary,151,60630,1010.5,Yes
4002,Bon Homme 04-2,Tyndall Elementary,4,JK 17-18 Tyndall Elementary,144,26015,433.58333,Yes
22001,Bowdle 22-1,Bowdle Elementary,2,Bowdle Elementary,166,64020,1067,No
22001,Bowdle 22-1,Bowdle High School,1,Bowdle High School,166,61146,1019.1,No
22001,Bowdle 22-1,Bowdle Jr High,3,Bowdle Junior High,166,63210,1053.5,No
49002,Brandon Valley 49-2,Brandon Elem,3,17-18 Brandon Elem,175,60530,1008.83333,No
49002,Brandon Valley 49-2,Brandon Valley Hi Sch,1,17-18 Brandon Valley Hi Sch,175,62805,1046.75,No
49002,Brandon Valley 49-2,Brandon Valley Intermediate,7,17-18 Brandon Valley Intermedi,175,64893,1081.55,No
49002,Brandon Valley 49-2,Brandon Valley Middle Sch,2,17-18 Brandon Valley Middle Sc,175,64730,1078.83333,No
49002,Brandon Valley 49-2,Fred Assam Elementary,6,17-18 Fred Assam Elementary,175,60530,1008.83333,No
49002,Brandon Valley 49-2,Robert Bennis Elementary,5,17-18 Robert Bennis Elementary,175,60530,1008.83333,No
49002,Brandon Valley 49-2,Valley Springs Elem,4,17-18 Valley Springs Elem,175,60530,1008.83333,No
30003,Bridgewater-Emery 30-3,Bridgewater-Emery Elementary,2,17-18 Bridgewater-Emery Elemen,174,63331,1055.51667,No
30003,Bridgewater-Emery 30-3,Bridgewater-Emery High School,1,17-18 Bridgewater-Emery High S,174,74230,1237.16667,No
30003,Bridgewater-Emery 30-3,Bridgewater-Emery Middle School,4,17-18 Bridgewater-Emery Middle,174,67140,1119,No
45004,Britton-Hecla 45-4,Britton-Hecla Elementary School,2,17-18 B-H Elem,172,60480,1008,No
45004,Britton-Hecla 45-4,Britton-Hecla High School,1,17-18 HS,164,60955,1015.91667,No
45004,Britton-Hecla 45-4,Britton-Hecla Middle School,3,17-18 JH,164,60955,1015.91667,No
45004,Britton-Hecla 45-4,Sunset Colony Elementary,4,17-18 Sunset Colony,165,58230,970.5,No
45004,Britton-Hecla 45-4,Sunset Colony High School,6,17-18 SCHS,164,60955,1015.91667,No
45004,Britton-Hecla 45-4,Westwood Rural Elementary,5,17-18 Westwood Colony,164,58050,967.5,No
5001,Brookings 05-1,Brookings Hi Sch,1,Brookings 17-18 High School,173,62535,1042.25,No
5001,Brookings 05-1,Camelot Intermediate School,6,Brookings 17-18 Camelot Int,173,63704,1061.73333,No
5001,Brookings 05-1,Dakota Prairie Elementary,7,Brookings 17-18 Dak Pra Elem,173,62697,1044.95,No
5001,Brookings 05-1,George S Mickelson Middle School,2,Brookings 17-18 Mickelson MS,173,61940,1032.33333,No
5001,Brookings 05-1,Hillcrest Elem,4,Brookings 17-18 Hillcrest Elem,173,62697,1044.95,No
5001,Brookings 05-1,Medary Elem,5,Brookings 17-18 Medary Elem,173,62697,1044.95,No
26002,Burke 26-2,Burke Elementary School,2,17-18 Burke Elementary School,167,60125,1002.08333,No
26002,Burke 26-2,Burke Elementary School,2,BG 17-18 Burke Elementary Scho,79,28440,474,No
26002,Burke 26-2,Burke High School,1,17-18 Burke High School,167,60263,1004.38333,No
26002,Burke 26-2,Burke Middle School,4,17-18 Burke JH,167,60454,1007.56667,No
43001,Canistota 43-1,Canistota Elementary School,2,17-18 CES,177,64143,1069.05,No
43001,Canistota 43-1,Canistota High School,1,17-18 Canistota High School,177,65853,1097.55,No
43001,Canistota 43-1,Canistota Middle School,3,17-18 Canistota Middle School,177,66603,1110.05,No
41001,Canton 41-1,Canton High School,1,17-18 Canton High School,173,61867,1031.11667,No
41001,Canton 41-1,Canton Middle School,4,17-18 Canton Middle School,173,64472,1074.53333,No
41001,Canton 41-1,Keystone Treatment Center,88,17-18 Keystone Treatment Cente,205,79130,1318.83333,No
41001,Canton 41-1,Lawrence Elementary,2,17-18 Lawrence Elementary,173,59786,996.43333,No
28001,Castlewood 28-1,Castlewood Elementary,2,17-18 Castlewood Elementary,169,65550,1092.5,No
28001,Castlewood 28-1,Castlewood High School,1,17-18 Castlewood High School,169,65067,1084.45,No
28001,Castlewood 28-1,Castlewood Jr High School,3,17-18 Castlewood Jr High Schoo,169,65067,1084.45,No
28001,Castlewood 28-1,Claremont Colony Elementary,4,17-18 Claremont Colony Element,169,60525,1008.75,No
60001,Centerville 60-1,Centerville Elem,2,17-18 Centerville Elem,171,60543,1009.05,No
60001,Centerville 60-1,Centerville Hi Sch,1,17-18 Centerville Hi Sch,171,63045,1050.75,No
60001,Centerville 60-1,Centerville Middle School,3,17-18 Centerville Middle Schoo,171,63045,1050.75,No
7001,Chamberlain 07-1,Chamberlain Elementary School,3,17-18 Chamberlain Elem 5-6,171,60504,1008.4,No
7001,Chamberlain 07-1,Chamberlain Elementary School,3,17-18 Chamberlain Elem K-4,171,60504,1008.4,No
7001,Chamberlain 07-1,Chamberlain High School,1,17-18 Chamberlain High School,171,62556,1042.6,No
7001,Chamberlain 07-1,Chamberlain Jr. High,2,17-18 Chamberlain Jr. High,172,62556,1042.6,No
39001,Chester Area 39-1,Chester Area Cyber School,92,17-18 Chester Area Cyber Schoo,170,67262,1121.03333,No
39001,Chester Area 39-1,Chester Area Elementary School,2,17-18 Chester Area Elementary ,170,64836,1080.6,No
39001,Chester Area 39-1,Chester Area High School,1,17-18 Chester Area High School,170,66390,1106.5,No
39001,Chester Area 39-1,Chester Area Middle School,3,17-18 Chester Area Middle Scho,170,65196,1086.6,No
39001,Chester Area 39-1,Gracevale Colony,7,17-18 Gracevale Colony,170,64476,1074.6,No
39001,Chester Area 39-1,High Plains,6,17-18 Alternative School,170,67262,1121.03333,No
39001,Chester Area 39-1,Rustic Acres,4,17-18 Rustic Acres,170,64476,1074.6,No
12002,Clark 12-2,Clark Elementary School,2,17-18 Clark Elementary School,163,57860,964.33333,No
12002,Clark 12-2,Clark High School,1,17-18 Clark High School,163,61724,1028.73333,No
12002,Clark 12-2,Clark Middle School,3,17-18 Clark Middle School,163,63012,1050.2,No
12002,Clark 12-2,Fordham Colony Elementary,4,17-18 Fordham Colony Elementar,163,58504,975.06667,No
12002,Clark 12-2,Hillcrest Colony Elementary,5,17-18 Hillcrest Colony Element,163,58504,975.06667,No
12002,Clark 12-2,Silver Lake Colony,7,17-18 Silver Lake Colony,163,58504,975.06667,No
50005,Colman-Egan 50-5,Colman Elem,3,17-18 Colman Elem,169,63130,1052.16667,No
50005,Colman-Egan 50-5,Colman-Egan Hi Sch,1,17-18 Colman-Egan Hi Sch,169,63190,1053.16667,No
50005,Colman-Egan 50-5,Colman-Egan Jr Hi,2,17-18 Colman-Egan Jr Hi,169,63190,1053.16667,No
59003,Colome Consolidated,Colome Elementary School,2,2017-2018 Colome Elementary Sc,167,67635,1127.25,No
59003,Colome Consolidated,Colome High School,1,2017-2018 Colome High School,167,65610,1093.5,No
59003,Colome Consolidated,Colome Middle School,3,2017-2018 Colome Middle School,167,67635,1127.25,No
59003,Colome Consolidated,Wood Elementary,5,2017-2018 Wood Elementary,167,59118,985.3,No
21003,Corsica-Stickney 21-3,Corsica-Stickney Elementary,2,17-18 Corsica-Stickney Elem,173,63700,1061.66667,No
21003,Corsica-Stickney 21-3,Corsica-Stickney High School,1,17-18 Corsica-Stickney High Sc,173,67440,1124,No
21003,Corsica-Stickney 21-3,Corsica-Stickney Jr. High,3,17-18 Corsica-Stickney Jr. Hig,173,65250,1087.5,No
16001,Custer 16-1,Custer Elementary,2,17-18 Custer Elementary,151,62050,1034.16667,Yes
16001,Custer 16-1,Custer High School,1,17-18 Custer High School,154,61568,1026.13333,Yes
16001,Custer 16-1,Custer JH,5,17-18 Custer JH,151,60320,1005.33333,Yes
16001,Custer 16-1,Hermosa Elem,4,17-18 Hermosa Elem,164,68572,1142.86667,Yes
61008,Dakota Valley 61-8,Dakota Valley Elementary School,2,17-18 Dakota Valley Elementary,176,65660,1094.33333,No
61008,Dakota Valley 61-8,Dakota Valley High School,1,17-18 Dakota Valley High Schoo,176,63135,1052.25,No
61008,Dakota Valley 61-8,Dakota Valley Middle School,3,17-18 Dakota Valley Middle Sch,176,62728,1045.46667,No
61008,Dakota Valley 61-8,Dakota Valley Upper Elem,4,17-18 Dakota Valley Upper Elem,176,62728,1045.46667,No
38002,De Smet 38-2,De Smet High School,1,17-18 De Smet High School,171,62800,1046.66667,No
38002,De Smet 38-2,De Smet Middle School,3,17-18 De Smet Middle School,172,62400,1040,No
38002,De Smet 38-2,Laura Ingalls Wilder Elem,2,JR. KG 17-18 LIW,109,36360,606,No
38002,De Smet 38-2,Laura Ingalls Wilder Elem,2,KG LIW 17-18,134,43920,732,No
49003,Dell Rapids 49-3,Dell Rapids Elementary,2,17-18 Dell Rapids Elementary,184,65772,1096.2,No
49003,Dell Rapids 49-3,Dell Rapids High School,1,17-18 Dell Rapids High School,174,63696,1061.6,No
49003,Dell Rapids 49-3,Dell Rapids Middle School,3,17-18 Dell Rapids Middle Schoo,184,65772,1096.2,No
5006,Deubrook Area 05-6,Deubrook Elementary,3,17-18 Deubrook Elementary,168,59930,998.83333,No
5006,Deubrook Area 05-6,Deubrook High School,1,17-18 Deubrook High School,168,60683,1011.38333,No
5006,Deubrook Area 05-6,Deubrook Jr High,2,17-18 Deubrook Jr High,168,60683,1011.38333,No
5006,Deubrook Area 05-6,Norfeld Colony School ,7,17-18 Norfeld Colony School ,168,59930,998.83333,No
5006,Deubrook Area 05-6,Red Willow Colony School,9,17-18 Red Willow Colony School,168,59930,998.83333,No
19004,Deuel 19-4,Clear Lake  Elementary,2,17-18 Clear Lake  Elementary,151,64779,1079.65,Yes
19004,Deuel 19-4,Clear Lake  Elementary,2,K 17-18 Clear Lake  Elementary,151,64779,1079.65,Yes
19004,Deuel 19-4,Clear Lake Middle School,4,17-18 Clear Lake Middle School,151,60551,1009.18333,Yes
19004,Deuel 19-4,Deuel High School,1,17-18 Deuel High School,151,60400,1006.66667,Yes
56002,Doland 56-2,Camrose Colony Elementary,6,17-18 Camrose Colony Elementar,161,61985,1033.08333,Yes
56002,Doland 56-2,Clark Colony Elementary,5,17-18 Clark Colony Elementary,169,65065,1084.41667,Yes
56002,Doland 56-2,Doland Elementary,3,17-18 Doland Early Childhood,208,83200,1386.66667,No
56002,Doland 56-2,Doland Elementary,3,17-18 Doland Elementary,169,66755,1112.58333,Yes
56002,Doland 56-2,Doland High School,1,17-18 Doland High School,163,66178,1102.96667,Yes
56002,Doland 56-2,Doland Junior High,2,17-18 Doland Junior High,169,68614,1143.56667,Yes
56002,Doland 56-2,Hillside Colony Elementary,4,17-18 Hillside Colony Elementa,169,65065,1084.41667,Yes
56002,Doland 56-2,Hillside Colony High School,7,17-18 Hillside Colony High Sch,169,65065,1084.41667,Yes
51001,Douglas 51-1,Douglas High School,3,17-18 Douglas High School,164,61356,1022.6,No
51001,Douglas 51-1,Douglas Middle School,1,17-18 Douglas Middle School,164,61036,1017.26667,No
51001,Douglas 51-1,Patriot Elementary,6,Badger Clark,189,68916,1148.6,No
51001,Douglas 51-1,Patriot Elementary,6,Francis Case,179,65316,1088.6,No
51001,Douglas 51-1,Vandenberg Elementary,2,17-18 Vandenberg Elementary,164,59916,998.6,No
64002,Dupree 64-2,Dupree Elem,2,17-18 Kindergarten,170,61374,1022.9,No
64002,Dupree 64-2,Dupree Elem,2,17-18 Kindergarten,170,61374,1022.9,No
64002,Dupree 64-2,Dupree Hi Sch,1,17-18 Dupree Hi Sch,165,62884,1048.06667,No
64002,Dupree 64-2,Dupree Jr Hi,4,17-18 Dupree Jr Hi,380,148454,2474.23333,No
20001,Eagle Butte 20-1,C-EB E.A.G.L.E. Center,9,17-18 C-EB E.A.G.L.E. Center,157,60480,1008,No
20001,Eagle Butte 20-1,C-EB E.A.G.L.E. Center High School,7,17-18 C-EB E.A.G.L.E. Center H,157,60480,1008,No
20001,Eagle Butte 20-1,C-EB High School,1,17-18 C-EB High School,157,60480,1008,No
20001,Eagle Butte 20-1,C-EB Junior High,6,17-18 C-EB Junior High,157,60874,1014.56667,No
20001,Eagle Butte 20-1,C-EB Primary,2,17-18 C-EB Primary,157,61380,1023,No
20001,Eagle Butte 20-1,C-EB Upper Elementary,3,17-18 C-EB Upper Elementary,159,61355,1022.58333,No
23001,Edgemont 23-1,Edgemont Elementary,3,17-18 Edgemont Elem 6-7-8,148,60060,1001,Yes
23001,Edgemont 23-1,Edgemont Elementary,3,K-5 17-18 Edgemont Elementary,157,66120,1102,Yes
23001,Edgemont 23-1,Edgemont High School,1,17-18 Edgemont High School,146,59220,987,Yes
22005,Edmunds Central 22-5,Boulder Colony School,6,17-18 Boulder Colony School,149,58187,969.78333,Yes
22005,Edmunds Central 22-5,Edmunds Central Elementary,5,17-18 Edmunds Central Elementa,149,57786,963.1,Yes
22005,Edmunds Central 22-5,Edmunds Central Hi Sch,1,17-18 Edmunds Central Hi Sch,149,59901,998.35,Yes
22005,Edmunds Central 22-5,Edmunds Central Middle School,2,17-18 Edmunds Central Middle S,149,63901,1065.01667,Yes
16002,Elk Mountain 16-2,Elk Mountain Elem,1,17-18 Elk Mountain Elem,147,61770,1029.5,Yes
16002,Elk Mountain 16-2,Elk Mountain High School,4,17-18 Elk Mountain High School,145,57960,966,Yes
16002,Elk Mountain 16-2,Elk Mountain Virtual HS,92,17-18 Elk Mountain Virtual HS,145,58650,977.5,Yes
61007,Elk Point-Jefferson 61-7,Elk Point Jefferson Elementary,2,17-18 Elk Point Jefferson Elem,172,65130,1085.5,No
61007,Elk Point-Jefferson 61-7,Elk Point Jefferson High School,1,17-18 Elk Point Jefferson High,172,66320,1105.33333,No
61007,Elk Point-Jefferson 61-7,Elk Point Jefferson Middle School,3,17-18 Elk Point Jefferson Midd,172,63375,1056.25,No
5003,Elkton 05-3,Elkton Elementary School,2,KG 17-18 Elkton Elementary Sch,172,66420,1107,No
5003,Elkton 05-3,Elkton Elementary School,2,ES 17-18 Elkton Elementary Sch,174,67190,1119.83333,No
5003,Elkton 05-3,Elkton High School,1,17-18 Elkton High School,172,63518,1058.63333,No
5003,Elkton 05-3,Elkton Junior High,3,17-18 Elkton Junior High,172,63858,1064.3,No
5003,Elkton 05-3,Newdale Colony Elem,4,17-18 Newdale Colony Elem,177,67960,1132.66667,No
5003,Elkton 05-3,Rolland Colony Elem,5,17-18 Rolland Colony Elem,173,66805,1113.41667,No
28002,Estelline 28-2,Estelline Elementary School,2,17-18 Sharon F Delzer Elem,175,64454,1074.23333,No
28002,Estelline 28-2,Estelline High School,1,17-18 Estelline High School,175,69810,1163.5,No
28002,Estelline 28-2,Estelline Middle School,3,17-18 Estelline Junior High,175,69002,1150.03333,No
17001,Ethan 17-1,Ethan Elementary,2,17-18 Ethan Elementary,170,60064,1001.06667,No
17001,Ethan 17-1,Ethan Elementary,2,17-18 Kindergarten 1,143,50614,843.56667,Yes
17001,Ethan 17-1,Ethan High School,1,17-18 Ethan High School,170,66616,1110.26667,No
17001,Ethan 17-1,Ethan Jr. High,3,17-18 Ethan Jr. High,170,66616,1110.26667,No
44001,Eureka 44-1,Eureka Elementary School,2,17-18 Eureka Elementary School,169,60348,1005.8,No
44001,Eureka 44-1,Eureka Elementary School,2,Kind 17-18,169,60348,1005.8,No
44001,Eureka 44-1,Eureka High School,1,17-18 Eureka High School,169,62846,1047.43333,No
44001,Eureka 44-1,Eureka MS,3,17-18 Eureka MS,169,62846,1047.43333,No
46002,Faith 46-2,Faith Elementary School,2,17-18 Faith Elementary School,141,57755,962.58333,Yes
46002,Faith 46-2,Faith Elementary School,2,KG 17-18 Faith Elementary Scho,141,53538,892.3,Yes
46002,Faith 46-2,Faith High School,1,17-18 Faith High School,141,58450,974.16667,Yes
46002,Faith 46-2,Faith Jr. High,6,17-18 Faith Jr. High,141,58450,974.16667,Yes
46002,Faith 46-2,Maurine Elem.,4,17-18 Maurine Elem.,141,57745,962.41667,Yes
46002,Faith 46-2,Maurine Elem.,4,KG 17-18 Maurine Elem.,90,36870,614.5,Yes
24004,Faulkton Area,Blumengard Colony Elem,6,17-18 Blumengard Colony Elem,168,59565,992.75,No
24004,Faulkton Area,Brentwood Colony School,5,17-18 Brentwood Colony School,168,59565,992.75,No
24004,Faulkton Area,Faulkton Elem,2,17-18 Faulkton Elem,168,58740,979,No
24004,Faulkton Area,Faulkton Hi Sch,1,17-18 Faulkton Hi Sch,168,61215,1020.25,No
24004,Faulkton Area,Faulkton Jr Hi,8,17-18 Faulkton Jr Hi,168,61215,1020.25,No
24004,Faulkton Area,Thunderbird Colony Elem,10,17-18 Thunderbird Colony Elem,168,59565,992.75,No
50003,Flandreau 50-3,Flandreau Elem,4,17-18 Flandreau Elem,164,56406,940.1,No
50003,Flandreau 50-3,Flandreau Elem,4,5th 17-18 Flandreau Elem,164,55332,922.2,No
50003,Flandreau 50-3,Flandreau High Sch,1,17-18 Flandreau High Sch,164,57815,963.58333,No
50003,Flandreau 50-3,Flandreau Middle Sch,3,17-18 Flandreau Middle Sch,164,57986,966.43333,No
50003,Flandreau 50-3,Pleasant Valley Colony Elem,6,17-18 Pleasant Valley Colony E,164,58359,972.65,No
14001,Florence 14-1,Florence Elementary School,2,17-18 Elem,173,60066,1001.1,No
14001,Florence 14-1,Florence High School,1,17-18 HS,173,61080,1018,No
14001,Florence 14-1,Florence Middle School,3,17-18 MID,173,61080,1018,No
6002,Frederick Area 06-2,Frederick Elementary,2,17-18 Frederick Elementary,146,57978,966.3,Yes
6002,Frederick Area 06-2,Frederick High School,1,17-18 Frederick High School,145,57897,964.95,Yes
6002,Frederick Area 06-2,Frederick Jr High,3,17-18 Frederick Jr High,145,58306,971.76667,Yes
33001,Freeman 33-1,Freeman Elem,2,17-18 Freeman Elem,174,59014,983.56667,No
33001,Freeman 33-1,Freeman High School,1,17-18 Freeman High School,174,63819,1063.65,No
33001,Freeman 33-1,Freeman Jr High,5,17-18 Freeman Jr High,174,63819,1063.65,No
33001,Freeman 33-1,Tschetter Colony Elementary,3,17-18 Tschetter Colony Element,174,57154,672.65,No
33001,Freeman 33-1,Wolf Creek Colony Elementary,4,17-18 Wolf Creek Colony Elemen,174,57154,952.56667,No
49004,Garretson 49-4,Garretson Elementary,2,17-18 Garretson Elementary,169,60140,1002.33333,No
49004,Garretson 49-4,Garretson High School,1,17-18 Garretson High School,169,62740,1045.66667,No
49004,Garretson 49-4,Garretson Middle School,3,17-18 Garretson Middle School,169,62906,1048.43333,No
63001,Gayville-Volin 63-1,Gayville-Volin Elementary,2,17-18 G-V KG (jr),144,50850,847.5,No
63001,Gayville-Volin 63-1,Gayville-Volin Elementary,2,17-18 G-V Kindergarten,167,59130,985.5,No
63001,Gayville-Volin 63-1,Gayville-Volin Elementary,2,17-18 G-V Lower Elem (1-2),167,59130,985.5,No
63001,Gayville-Volin 63-1,Gayville-Volin Elementary,2,17-18 G-V Upper Elem (3-6),167,65490,1091.5,No
63001,Gayville-Volin 63-1,Gayville-Volin Hi Sch,1,17-18 G-V HS,167,63900,1065,No
63001,Gayville-Volin 63-1,Gayville-Volin JH,3,17-18 G-V JH,167,63900,1065,No
53001,Gettysburg 53-1,Gettysburg Elem,2,17-18 Gettysburg Elem,163,59663,994.38333,No
53001,Gettysburg 53-1,Gettysburg High School,1,17-18 Gettysburg High School,163,62390,1039.83333,No
53001,Gettysburg 53-1,Gettysburg Middle School,3,17-18 Gettysburg Junior High,163,62390,1039.83333,No
26004,Gregory 26-4,Gregory Elementary School,2,17-18 Gregory Elementary Schoo,167,62685,1044.75,No
26004,Gregory 26-4,Gregory High School,1,17-18 Gregory High School,167,59880,998,No
26004,Gregory 26-4,Gregory Jr High School,4,17-18 Gregory Jr High School,167,59880,998,No
6006,Groton Area,Groton Area Elementary School ,2,17-18 Groton Area Elementary S,169,63120,1052,No
6006,Groton Area,Groton Area High School,1,17-18 Groton Area High School,168,60473,1007.88333,No
6006,Groton Area,Groton Area MS,4,17-18 Groton Area MS,168,60473,1007.88333,No
27001,Haakon 27-1,Milesville Elem,8,17-18 Milesville K-8,151,58170,969.5,Yes
27001,Haakon 27-1,Philip Elementary School,2,17-18 Philip Elementary School,151,58170,969.5,Yes
27001,Haakon 27-1,Philip High School,1,17-18 Philip High School,151,62718,1045.3,Yes
27001,Haakon 27-1,Philip Junior High,3,17-18 Philip Junior High,151,62658,1044.3,Yes
28003,Hamlin 28-3,Hamlin Elementary,9,17-18 Hamlin Elementary,169,62655,1044.25,No
28003,Hamlin 28-3,Hamlin Elementary,9,KG 17-18 Hamlin Elementary,169,62655,1044.25,No
28003,Hamlin 28-3,Hamlin Hi Sch,1,17-18 Hamlin Hi Sch,168,62376,1039.6,No
28003,Hamlin 28-3,Hamlin Middle School,2,17-18 Hamlin Middle School,169,62746,1045.76667,No
30001,Hanson 30-1,Hanson Alternative Colony High School,7,17-18 Hanson Alternative Colon,174,62169,1036.15,No
30001,Hanson 30-1,Hanson Elementary School,6,17-18 Hanson Elementary School,169,63860,1064.33333,No
30001,Hanson 30-1,Hanson High School,1,17-18 Hanson High School,169,64856,1080.93333,No
30001,Hanson 30-1,Hanson Middle School,2,17-18 Hanson Middle School,169,64856,1080.93333,No
30001,Hanson 30-1,Millbrook Colony Elementary,4,17-18 Millbrook Colony Element,174,64050,1067.5,No
30001,Hanson 30-1,Oaklane Colony,5,17-18 Oaklane Colony,174,64050,1067.5,No
31001,Harding County 31-1,Buffalo Elementary,2,17-18 Buffalo Elementary,215,78960,1316,No
31001,Harding County 31-1,Camp Crook Elementary,8,17-18 Camp Crook Elementary,215,78960,1316,No
31001,Harding County 31-1,Harding County High School,1,17-18 Harding County High Scho,215,78960,1316,No
31001,Harding County 31-1,Harding County MS,3,17-18 Harding County MS,215,78960,1316,No
31001,Harding County 31-1,Ludlow Elementary,6,17-18 Ludlow Elementary,215,78960,1316,No
41002,Harrisburg 41-2,Endeavor Elem,7,17-18 Endeavor Elem,170,61420,1023.66667,No
41002,Harrisburg 41-2,Explorer Elementary,4,17-18 Explorer Elementary,170,61420,1023.66667,No
41002,Harrisburg 41-2,Freedom Elementary,6,17-18 Freedom Elementary,170,61420,1023.66667,No
41002,Harrisburg 41-2,Harrisburg High School,1,17-18 Harrisburg High School,170,58484,974.73333,No
41002,Harrisburg 41-2,Harrisburg High School,1,CL 17-18,170,62032,1033.86667,No
41002,Harrisburg 41-2,Harrisburg North MS,8,17-18 Harrisburg North MS,170,61752,1029.2,No
41002,Harrisburg 41-2,Harrisburg South MS,3,17-18 Harrisburg South MS,170,61420,1023.66667,No
41002,Harrisburg 41-2,Horizon Elementary,9,17-18 Horizon Elementary,170,61420,1023.66667,No
41002,Harrisburg 41-2,Journey Elementary,5,17-18 Journey Elementary,170,61420,1023.66667,No
41002,Harrisburg 41-2,Liberty Elementary ,2,17-18 Liberty Elementary ,170,61420,1023.66667,No
14002,Henry 14-2,Henry Elementary,2,17-18 Henry Elementary,145,54205,903.41667,Yes
14002,Henry 14-2,Henry High School,1,17-18 Henry High School,142,57774,962.9,Yes
14002,Henry 14-2,Henry MS,3,17-18 Henry MS,145,59422,990.36667,Yes
10001,Herreid 10-1,Herreid Elem,2,17-18 Herreid Elem,146,58546,975.76667,Yes
10001,Herreid 10-1,Herreid Hi Sch,1,17-18 Herreid Hi Sch,146,58546,975.76667,Yes
10001,Herreid 10-1,Herreid Middle Sch,3,17-18 Herreid Middle Sch,146,58546,975.76667,Yes
34002,Highmore-Harrold,Highmore Elementary,2,17-18 Highmore Elementary Scho,167,60820,1013.66667,No
34002,Highmore-Harrold,Highmore-Harrold High School,1,17-18 Highmore-Harrold High Sc,168,62446,1040.76667,No
34002,Highmore-Harrold,Highmore-Harrold Junior High,3,17-18 Highmore-Harrold Junior ,168,61810,1030.16667,No
51002,Hill City 51-2,Hill City Elementary,2,17-18 Hill City Elementary,168,61310,1021.83333,No
51002,Hill City 51-2,Hill City High School,1,17-18 Hill City High School,168,65854,1097.56667,No
51002,Hill City 51-2,Hill City Middle Sch,4,17-18 Hill City Middle Sch,168,65854,1097.56667,No
56006,Hitchcock-Tulare,Glendale Colony Elem,4,17-18 Glendale Colony Elem,157,60759,1012.65,Yes
56006,Hitchcock-Tulare,Hitchcock-Tulare Elementary,5,17-18 Hitchcock-Tulare Element,157,60759,1012.65,Yes
56006,Hitchcock-Tulare,Hitchcock-Tulare HS,1,17-18 Hitchcock-Tulare HS,157,64998,1083.3,Yes
56006,Hitchcock-Tulare,Hitchcock-Tulare JH,2,17-18 Hitchcock-Tulare JH,157,64998,1083.3,Yes
56006,Hitchcock-Tulare,Spink Colony Elem,3,17-18 Spink Colony Elem,151,58437,973.95,Yes
23002,Hot Springs 23-2,Hot Springs Elementary,2,17-18 Hot Springs Elementary,157,66578,1109.63333,Yes
23002,Hot Springs 23-2,Hot Springs Hi Sch,1,17-18 Hot Springs Hi Sch,145,61064,1017.73333,Yes
23002,Hot Springs 23-2,Hot Springs Middle Sch,6,17-18 Hot Springs Middle Sch,145,60300,1005,Yes
53002,Hoven 53-2,Hoven Elementary,2,17-18 Hoven Elementary,361,136173,2269.55,No
53002,Hoven 53-2,Hoven Elementary,2,KD  17-18 Hoven Elementary,173,61379,1022.98333,No
53002,Hoven 53-2,Hoven High School,1,17-18 Hoven High School,336,128752,2145.86667,No
53002,Hoven 53-2,Hoven Jr High School,3,17-18 Hoven Jr High School,344,130037,2167.28333,No
48003,Howard 48-3,Howard Elem,2,17-18 Howard Elem,168,59368,989.46667,No
48003,Howard 48-3,Howard Elem,2,17-18 Howard Elem K,138,47960,799.33333,No
48003,Howard 48-3,Howard Hi Sch,1,17-18 Howard Hi Sch,168,63953,1065.88333,No
48003,Howard 48-3,Howard Jr Hi,5,17-18 Howard Jr Hi,168,64065,1067.75,No
48003,Howard 48-3,Shannon Colony,8,17-18 Shannon Colony,167,58991,983.18333,No
48003,Howard 48-3,Shannon Colony,8,17-18 Shannon Colony K,137,47651,794.18333,No
2002,Huron 02-2,Buchanan K-1 Center,18,17-18 Buchanan K-1 Center,175,57400,956.66667,No
2002,Huron 02-2,Huron Colony Elementary,13,17-18 Huron Colony Elementary,176,59520,992,No
2002,Huron 02-2,Huron High School,1,17-18 Huron High School,174,63750,1062.5,No
2002,Huron 02-2,Huron Middle School,2,17-18 Huron Middle School,174,58626,977.1,No
2002,Huron 02-2,Madison 2-3 Center,19,17-18 Madison 2-3 Center,175,57400,956.66667,No
2002,Huron 02-2,Our Home ASAP,12,17-18 Our Home ASAP,175,56812,946.86667,No
2002,Huron 02-2,Our Home Rediscovery,77,17-18 Our Home Rediscovery,175,57750,962.5,No
2002,Huron 02-2,Riverside Colony Elementary,15,17-18 Riverside Colony Element,175,59055,943,No
2002,Huron 02-2,Washington 4-5 Center,20,17-18 Washington 4-5 Center,175,57400,956.66667,No
22006,Ipswich Public 22-6,Deerfield Colony Elem,5,17-18 Deerfield Colony Elem,170,58590,976.5,No
22006,Ipswich Public 22-6,Ipswich Elem,2,17-18 Ipswich Elem,169,63710,1061.83333,No
22006,Ipswich Public 22-6,Ipswich Hi Sch,1,17-18 Ipswich Hi Sch,169,60430,1007.16667,No
22006,Ipswich Public 22-6,Ipswich MS,4,17-18 Ipswich MS,169,60100,1001.66667,No
22006,Ipswich Public 22-6,Pembrook Colony Elem,6,17-18 Pembrook Colony Elem,170,58590,976.5,No
22006,Ipswich Public 22-6,Rosette Colony Elem,3,17-18 Rosette Colony Elem,170,58410,973.5,No
13003,Irene-Wakonda 13-3,Irene-Wakonda Elementary School,2,17-18 I-W Elementary,171,66248,1104.13333,Yes
13003,Irene-Wakonda 13-3,Irene-Wakonda Elementary School,2,17-18 I-W JK,95,37240,620.66667,Yes
13003,Irene-Wakonda 13-3,Irene-Wakonda High School,1,17-18 I-W High School,170,67032,1117.2,Yes
13003,Irene-Wakonda 13-3,Irene-Wakonda Junior High,4,17-18 I-W Junior High,170,67032,1117.2,Yes
2003,Iroquois 02-3,Iroquois Elementary,4,2017-18 Iroquois Elementary,151,58437,973.95,Yes
2003,Iroquois 02-3,Iroquois High School,1,2017-18 Iroquois High School,151,59968,999.46667,Yes
2003,Iroquois 02-3,Iroquois Middle School,2,2017-18 Iroquois Middle School,151,59968,999.46667,Yes
2003,Iroquois 02-3,Pearl Creek Colony Elem,5,2017-18 Pearl Creek Colony Ele,150,62400,1040,Yes
37003,Jones County 37-3,Jones County Elem,2,17-18 Jones County Elem,168,58731,978.85,No
37003,Jones County 37-3,Jones County HS,1,17-18 Jones County HS,168,66093,1101.55,No
37003,Jones County 37-3,Jones County MS,4,17-18 Jones County MS,168,65923,1098.71667,No
35002,Kadoka Area 35-2,Interior Elementary,9,17-18 Interior Elementary,144,60822,1013.7,Yes
35002,Kadoka Area 35-2,Interior Elementary,9,17-18 Interior Middle School,144,61517,1025.28333,Yes
35002,Kadoka Area 35-2,Kadoka Area HS,1,17-18 Kadoka Area HS,143,61090,1018.16667,Yes
35002,Kadoka Area 35-2,Kadoka Elementary School,2,17-18 Kadoka Elementary School,143,60400,1006.66667,Yes
35002,Kadoka Area 35-2,Kadoka Middle School,3,17-18 Kadoka Middle School,143,61090,1018.16667,Yes
35002,Kadoka Area 35-2,Long Valley Elementary,10,17-18 Long Valley Elementary,144,60822,1013.7,Yes
35002,Kadoka Area 35-2,Long Valley Elementary,10,17-18 Long Valley MS,144,61517,1025.28333,Yes
35002,Kadoka Area 35-2,Midland Elementary,11,17-18 Midland Elementary,143,60400,1006.66667,Yes
35002,Kadoka Area 35-2,Midland Elementary,11,17-18 Midland Middle School,143,61090,1018.16667,Yes
7002,Kimball 07-2,Grass Ranch Colony Elem,13,17-18 Grass Ranch Colony Elem,167,58830,980.5,No
7002,Kimball 07-2,Grass Ranch Colony High School,15,17-18 Grass Ranch Colony High ,168,62720,1045.33333,No
7002,Kimball 07-2,Kimball Elementary,2,17-18 Kimball Elementary,167,58830,980.5,No
7002,Kimball 07-2,Kimball High School,1,17-18 Kimball High School,167,62328,1038.8,No
7002,Kimball 07-2,Kimball Middle School,4,17-18 Kimball Middle School,167,61533,1025.55,No
45005,Langford Area,Langford Area Elem,2,17-18 Langford Area Elem,168,59760,996,No
45005,Langford Area,Langford Area HS,1,17-18 Langford Area HS,168,60092,1001.53333,No
45005,Langford Area,Langford Area MS,3,17-18 Langford Area MS,168,60092,1001.53333,No
45005,Langford Area,Newport Colony Elem,4,17-18 Newport Colony Elem,168,59760,996,No
38003,Lake Preston 38-3,Lake Preston Elementary,2,17-18 Lake Preston Elementary,170,66949,1115.81667,No
38003,Lake Preston 38-3,Lake Preston High School,1,17-18 Lake Preston High School,170,67054,1117.56667,No
38003,Lake Preston 38-3,Lake Preston Middle School,3,17-18 Lake Preston Jr High,170,67054,1117.56667,No
40001,Lead-Deadwood 40-1,Lead-Deadwood Career & Tech Ed,10,17-18 Lead-Deadwood Career & T,238,107100,1785,No
40001,Lead-Deadwood 40-1,Lead-Deadwood Elementary,3,17-18 Lead-Deadwood Elementary,166,57240,954,No
40001,Lead-Deadwood 40-1,Lead-Deadwood High School,1,17-18 LDHS,166,58989,983.15,No
40001,Lead-Deadwood 40-1,Lead-Deadwood Middle School,2,17-18 Lead-Deadwood Middle Sch,166,59307,988.45,No
52004,Lemmon 52-4,Lemmon Elem,2,17-18 Lemmon Elem,142,59130,985.5,Yes
52004,Lemmon 52-4,Lemmon High School,1,17-18 Lemmon High School,142,59130,985.5,Yes
52004,Lemmon 52-4,Lemmon Jr Hi,6,17-18 Lemmon Jr Hi,142,59130,985.5,Yes
41004,Lennox 41-4,Lennox Elementary,2,17-18 Lennox Elementary,172,64465,1074.41667,No
41004,Lennox 41-4,Lennox High School,1,17-18 Lennox High School,172,64618,1076.96667,No
41004,Lennox 41-4,Lennox Intermediate,9,17-18 Lennox Intermediate,172,65325,1088.75,No
41004,Lennox 41-4,Lennox Jr. High,8,17-18 Lennox Jr. High,172,65278,1087.96667,No
41004,Lennox 41-4,Worthing Elem,5,17-18 Worthing Elem,172,64465,1074.41667,No
44002,Leola 44-2,Grassland Colony Elem,6,17-18 Grassland Colony Elem,165,53502,983.4,No
44002,Leola 44-2,Leola Elem,2,17-18 Leola Elem,165,60022,1000.36667,No
44002,Leola 44-2,Leola High School,1,17-18 Leola High School,165,62793,1046.55,No
44002,Leola 44-2,Leola MS,3,17-18 Leola MS,165,62304,1038.4,No
44002,Leola 44-2,Long Lake Colony Elem,5,17-18 Long Lake Colony Elem,200,64912,1081.86667,No
44002,Leola 44-2,Spring Creek Colony Elementary,4,17-18 Spring Creek Colony Elem,165,53502,891.7,No
42001,Lyman 42-1,Kennebec Elementary,4,17 - 18 Kennebec Elementary,170,59130,985.5,No
42001,Lyman 42-1,Kennebec Elementary,4,JK Kennebec Elementary 17 - 18,110,38130,635.5,No
42001,Lyman 42-1,Lyman High School,1,17 - 18 Lyman High School,170,59150,985.83333,No
42001,Lyman 42-1,Lyman Middle School,2,17 - 18 Lyman Middle School,170,64080,1068,No
39002,Madison Central 39-2,Madison Elementary School,7,17-18 Madison Elementary Schoo,172,64035,1067.25,No
39002,Madison Central 39-2,Madison High School,1,17-18 Madison High School,172,62070,1034.5,No
39002,Madison Central 39-2,Madison Middle School,2,17-18 Madison Middle School,172,62350,1039.16667,No
60003,Marion 60-3,Marion Elementary School,2,17-18 JK,156,56004,933.4,Yes
60003,Marion 60-3,Marion Elementary School,2,17-18 Marion Elementary ,151,58889,981.48333,Yes
60003,Marion 60-3,Marion High School,1,17-18 Marion High School,151,61303,1021.71667,Yes
60003,Marion 60-3,Marion Middle School,3,17-18 Marion Middle School,151,61303,1021.71667,Yes
43007,McCook Central 43-7,Golden View Colony Elementary,4,17-18 Golden View Colony Eleme,169,60340,1005.66667,No
43007,McCook Central 43-7,McCook Central Elementary,2,17-18 McCook Central Elementar,168,59980,999.66667,No
43007,McCook Central 43-7,McCook Central Hi Sch,1,17-18 McCook Central Hi Sch,168,67927,1132.11667,No
43007,McCook Central 43-7,McCook Central Middle School,3,17-18 McCook Central Middle Sc,168,67927,1132.11667,No
15001,McIntosh 15-1,McIntosh Elementary,2,17-18 McIntosh Elementary,164,60920,1015.33333,No
15001,McIntosh 15-1,McIntosh High School,1,17-18 McIntosh High School,164,60920,1015.33333,No
15001,McIntosh 15-1,McIntosh Jr High,3,17-18 McIntosh Jr High,164,60920,1015.33333,No
15002,McLaughlin 15-2,McLaughlin Elementary,2,17-18 McLaughlin Elementary,144,62927,1048.78333,Yes
15002,McLaughlin 15-2,McLaughlin High School,1,17-18 McLaughlin High School,144,61926,1032.1,Yes
15002,McLaughlin 15-2,McLaughlin Middle School,3,17-18 McLaughlin Middle School,144,61956,1032.6,Yes
46001,Meade 46-1,Atall Elem,17,17-18 Atall Elem,151,60158,1002.63333,No
46001,Meade 46-1,Elm Springs Elementary,13,17-18 Elm Springs Elementary,152,60158,1002.63333,No
46001,Meade 46-1,Enning/Union Center Elem,9,17-18 Enning/Union Center Elem,151,60158,1002.63333,No
46001,Meade 46-1,Hereford Elementary,8,17-18 Hereford Elementary,151,60158,1002.63333,No
46001,Meade 46-1,Opal Elementary,15,17-18 Opal Elementary,151,60158,1002.63333,No
46001,Meade 46-1,Piedmont Valley Elementary,5,17-18 Piedmont Valley Elementa,169,64076,1067.93333,No
46001,Meade 46-1,Sturgis Brown HS,1,17-18 Sturgis Brown HS,169,61560,1026,No
46001,Meade 46-1,Sturgis Elementary,3,17-18 Sturgis Elementary,169,64056,1067.6,No
46001,Meade 46-1,Sturgis Intermediate School,6,17-18 Sturgis Intermediate Sch,169,64645,1077.41667,No
46001,Meade 46-1,Sturgis Williams MS,2,17-18 Sturgis Williams MS,169,63504,1058.4,No
46001,Meade 46-1,Whitewood Elementary,4,17-18 Whitewood Elementary,169,63261,1054.35,No
33002,Menno 33-2,Jamesville Colony Elementary,3,17-18 Jamesville Colony Elemen,170,59515,991.91667,No
33002,Menno 33-2,Maxwell Colony Elementary,4,17-18 Maxwell Colony Elementar,169,59075,984.58333,No
33002,Menno 33-2,Menno Elementary,2,17-18 Menno Elementary,171,60800,1013.33333,No
33002,Menno 33-2,Menno High School,1,17-18 Menno High School,174,64427,1073.78333,No
33002,Menno 33-2,Menno Middle School,5,17-18 Menno Middle School,174,64427,1073.78333,No
25004,Milbank 25-4,Koch Elementary,3,17-18 Koch Elem Grades 1-3,174,62714,1045.23333,No
25004,Milbank 25-4,Koch Elementary,3,17-18 Koch Elem Grades 4-5,174,62714,1045.23333,No
25004,Milbank 25-4,Koch Elementary,3,17-18 Koch Elem Kindergarten,174,62714,1045.23333,No
25004,Milbank 25-4,Milbank High School,1,17-18 Milbank High School,174,63222,1053.7,No
25004,Milbank 25-4,Milbank Middle School,2,17-18 Milbank Middle School,174,63729,1062.15,No
29004,Miller,Miller Elementary School,2,17-18 Miller Elementary School,160,58660,977.66667,No
29004,Miller,Miller High School,1,17-18 Miller High School,160,59596,993.26667,No
29004,Miller,Miller Junior High,4,17-18 Miller Junior High,160,59596,993.26667,No
29004,Miller,Millerdale Colony Elem,11,17-18 Millerdale Colony Elem,160,58660,977.66667,No
17002,Mitchell 17-2,Abbott House Elementary,6,17-18 Abbott House Elementary,189,79380,1323,No
17002,Mitchell 17-2,Abbott House HS,7,17-18 Abbott House HS,189,79380,1323,No
17002,Mitchell 17-2,Gertie Belle Rogers Elem,4,17-18 Gertie Belle Rogers Elem,174,69216,1153.6,No
17002,Mitchell 17-2,L B Williams Elementary,3,17-18 L B Williams Elementary,175,69516,1158.6,No
17002,Mitchell 17-2,Longfellow Elementary,5,17-18 Longfellow Elementary,175,69546,1159.1,No
17002,Mitchell 17-2,Mitchell High School,1,17-18 Mitchell High School,175,67110,1118.5,No
17002,Mitchell 17-2,Mitchell Middle School,2,17-18 Mitchell Middle School,175,67602,1126.7,No
17002,Mitchell 17-2,Rockport Colony Elem,10,17-18 Rockport Colony Elem,174,68730,1145.5,No
17002,Mitchell 17-2,Rosedale Colony Elem,11,17-18 Rosedale Colony Elem,176,69520,1158.66667,No
62006,Mobridge-Pollock 62-6,Freeman Davis Elementary,3,17-18 Freeman Davis Elementary,172,60140,1002.33333,No
62006,Mobridge-Pollock 62-6,Mobridge High School,1,17-18 Mobridge Pollock High Sc,172,65379,1089.65,No
62006,Mobridge-Pollock 62-6,Mobridge Middle School,2,17-18 Mobridge Middle School,172,65379,1089.65,No
62006,Mobridge-Pollock 62-6,Mobridge Upper Elementary,4,17-18 Mobridge Upper Elem,172,62168,1036.13333,No
43002,Montrose 43-2,Montrose Elementary School,2,17-18 Montrose Elementary Scho,169,60148,1002.46667,No
43002,Montrose 43-2,Montrose High School,1,17-18 Montrose High School,169,62854,1047.56667,No
43002,Montrose 43-2,Montrose Middle School,3,Montrose Middle School 17-18,169,62854,1047.56667,No
43002,Montrose 43-2,Orland Colony,4,17-18 Orland Colony,171,60776,1012.93333,No
17003,Mount Vernon 17-3,Mount Vernon Elementary,2,17-18 Mount Vernon Elementary,169,59585,993.08333,No
17003,Mount Vernon 17-3,Mount Vernon High School,1,17-18 Mount Vernon High School,169,62995,1049.91667,No
17003,Mount Vernon 17-3,Mount Vernon MS,3,17-18 Mount Vernon MS,169,62810,1046.83333,No
51003,New Underwood 51-3,New Underwood Elem,2,17-18 New Underwood Elem,147,62094,1034.9,Yes
51003,New Underwood 51-3,New Underwood Hi Sch,1,17-18 New Underwood Hi Sch,147,61996,1033.26667,Yes
51003,New Underwood 51-3,New Underwood Jr Hi,4,17-18 New Underwood Jr Hi,147,62094,1034.9,Yes
9002,Newell 09-2,Newell Elem,2,17-18 Newell Elem,145,55290,921.5,Yes
9002,Newell 09-2,Newell High School,1,17-18 Newell High School,145,58765,979.41667,Yes
9002,Newell 09-2,Newell Middle Sch,4,17-18 Newell Middle Sch,145,58765,979.41667,Yes
56007,Northwestern Area 56-7,Northwestern Elementary,4,17-18 Northwestern Elementary,164,59860,997.66667,No
56007,Northwestern Area 56-7,Northwestern High School,1,17-18 Northwestern High School,164,62562,1042.7,No
56007,Northwestern Area 56-7,Northwestern Middle School,2,17-18 Northwestern Middle Scho,164,59815,996.91667,No
23003,Oelrichs 23-3,Oelrichs Elem,2,17-18 Oelrichs Elem,164,62772,1046.2,No
23003,Oelrichs 23-3,Oelrichs High School,1,17-18 Oelrichs High School,163,59742,995.7,No
23003,Oelrichs 23-3,Oelrichs Jr Hi,3,17-18 Oelrichs Jr Hi,163,59850,997.5,No
65001,Oglala Lakota 65-1,Batesland School ,1,17-18 Batesland School - 01,154,57810,963.5,No
65001,Oglala Lakota 65-1,Oglala Lakota County Alternative,9,17-18 Oglala Lakota County Alt,165,65940,1099,No
65001,Oglala Lakota 65-1,Oglala Lakota County Virtual High School,92,17-18 Oglala Lakota County Vir,179,69810,1163.5,No
65001,Oglala Lakota 65-1,Red Shirt School ,4,17-18 Red Shirt School - 04,158,59070,984.5,No
65001,Oglala Lakota 65-1,Rockyford School,3,17-18 Rockyford School,155,57900,965,No
65001,Oglala Lakota 65-1,Wolf Creek School,2,17-18 Wolf Creek School,155,57900,965,No
39005,Oldham-Ramona 39-5,Oldham-Ramona Elementary,2,17-18 O/R 5-6,158,61602,1026.7,Yes
39005,Oldham-Ramona 39-5,Oldham-Ramona Elementary,2,17-18 O/R K-4,158,57042,950.7,Yes
39005,Oldham-Ramona 39-5,Oldham-Ramona High School,1,17-18 O/R High School,158,59626,993.76667,Yes
39005,Oldham-Ramona 39-5,Oldham-Ramona Junior High School,3,17-18 O/R Junior High,158,59626,993.76667,Yes
39005,Oldham-Ramona 39-5,Spring Lake Colony Elementary,4,17-18 Spring Lake Colony Elem,166,58760,979.33333,No
39005,Oldham-Ramona 39-5,Spring Lake Colony HS,5,17-18 Spring Lake Colony HS,166,64040,1067.33333,No
60004,Parker 60-4,Parker Elementary School,2,17-18 Parker Elementary K-6,156,63309,1055.15,Yes
60004,Parker 60-4,Parker High School,1,17-18 Parker High School,156,63309,1055.15,Yes
60004,Parker 60-4,Parker JH,3,17-18 Parker JH,156,63309,1055.15,Yes
33003,Parkston 33-3,New Elm Spring Colony Elem,8,17-18 New Elm Spring Colony El,173,62910,1048.5,No
33003,Parkston 33-3,Old Elm Spring Colony Elem,3,17-18 Old Elm Spring Colony El,173,62910,1048.5,No
33003,Parkston 33-3,Our Home,88,17-18 Our Home,173,66350,1105.83333,No
33003,Parkston 33-3,Parkston Elementary,2,17-18 Parkston Elementary,173,62910,1048.5,No
33003,Parkston 33-3,Parkston High School,1,17-18 Parkston High School,173,65210,1086.83333,No
33003,Parkston 33-3,Parkston Junior High,5,17-18 Parkston Junior High,173,66700,1111.66667,No
32002,Pierre 32-2,Buchanan Elementary,3,17-18 Buchanan Elementary,174,58181,969.68333,No
32002,Pierre 32-2,Georgia Morse Middle School,2,17-18 Georgia Morse Middle Sch,174,60536,1008.93333,No
32002,Pierre 32-2,Jefferson Elementary,6,17-18 Jefferson Elementary,174,58181,969.68333,No
32002,Pierre 32-2,Kennedy Elementary School,8,17-18 Kennedy Elementary Schoo,174,58181,969.68333,No
32002,Pierre 32-2,T F Riggs High School,1,17-18 T F Riggs High School,174,60982,1016.36667,No
1001,Plankinton 01-1,Aurora Plains Academy High School,5,17-18 APA HS,191,66277,1104.61667,No
1001,Plankinton 01-1,Aurora Plains Academy Middle School,4,17-18 APA MS,191,64940,1082.33333,No
1001,Plankinton 01-1,Plankinton Elementary,2,17-18 Elem 4-6,184,66900,1115,No
1001,Plankinton 01-1,Plankinton Elementary,2,17-18 Elem K-3,169,58905,981.75,No
1001,Plankinton 01-1,Plankinton High School,1,17-18 HS,169,63710,1061.83333,No
1001,Plankinton 01-1,Plankinton Junior High,3,17-18 JH,169,63710,1061.83333,No
11005,Platte-Geddes 11-5,Cedar Grove Colony School,14,17-18 Cedar Grove Colony Schoo,166,62730,1045.5,No
11005,Platte-Geddes 11-5,Platte Colony School,10,17-18 Platte Colony School,166,62730,1045.5,No
11005,Platte-Geddes 11-5,Platte-Geddes Elem,2,17-18 Platte-Geddes Elem,166,64989,1083.15,No
11005,Platte-Geddes 11-5,Platte-Geddes H.S,1,17-18 Platte-Geddes H.S,166,65148,1085.8,No
11005,Platte-Geddes 11-5,Platte-Geddes Jr. Hi,3,17-18 Platte-Geddes Jr. Hi,166,65066,1084.43333,No
51004,Rapid City  Area 51-4,Black Hawk Elem,3,17-18 Black Hawk Elem,162,58145,969.08333,No
51004,Rapid City  Area 51-4,Canyon Lake Elem,4,17-18 Canyon Lake Elem,162,57340,955.66667,No
51004,Rapid City  Area 51-4,Central Hi Sch,41,17-18 Central Hi Sch,162,67000,1116.66667,No
51004,Rapid City  Area 51-4,Corral Drive Elem,21,17-18 Corral Drive Elem,162,61365,1022.75,No
51004,Rapid City  Area 51-4,East MS,30,17-18 East MS,162,61043,1017.38333,No
51004,Rapid City  Area 51-4,General Beadle Elem,1,17-18 General Beadle Elem,162,60560,1009.33333,No
51004,Rapid City  Area 51-4,Grandview Elem,6,17-18 Grandview Elem,162,62170,1036.16667,No
51004,Rapid City  Area 51-4,Horace Mann Elem,7,17-18 Horace Mann Elem,162,60560,1009.33333,No
51004,Rapid City  Area 51-4,Jefferson Building,64,17-18 Jefferson Building,207,91080,1518,No
51004,Rapid City  Area 51-4,Knollwood Heights Elem,8,17-18 Knollwood Heights Elem,162,62975,1049.58333,No
51004,Rapid City  Area 51-4,Lincoln Building,44,17-18 Lincoln Building,162,67950,1132.5,No
51004,Rapid City  Area 51-4,Meadowbrook Elem,10,17-18 Meadowbrook Elem,162,55730,928.83333,No
51004,Rapid City  Area 51-4,North Middle Sch,35,17-18 North Middle Sch,162,64907,1081.78333,No
51004,Rapid City  Area 51-4,Pinedale Elem,11,17-18 Pinedale Elem,162,60560,1009.33333,No
51004,Rapid City  Area 51-4,Rapid City HS,45,17-18 Rapid City HS,162,58950,982.5,No
51004,Rapid City  Area 51-4,Rapid Valley Elem,12,17-18 Rapid Valley Elem,162,61365,1022.75,No
51004,Rapid City  Area 51-4,Robbinsdale Elem,14,17-18 Robbinsdale Elem,162,61365,1022.75,No
51004,Rapid City  Area 51-4,South Canyon Elem,15,17-18 South Canyon Elem,162,58950,982.5,No
51004,Rapid City  Area 51-4,South Middle Sch,36,17-18 South Middle Sch,162,61043,1017.38333,No
51004,Rapid City  Area 51-4,South Park Elem,16,17-18 South Park Elem,162,61365,1022.75,No
51004,Rapid City  Area 51-4,Southwest Middle Sch,38,17-18 Southwest Middle Sch,162,60238,1003.96667,No
51004,Rapid City  Area 51-4,Stevens Hi Sch,42,17-18 Stevens Hi Sch,162,63619,1060.31667,No
51004,Rapid City  Area 51-4,Valley View Elem,13,17-18 Valley View Elem,162,59755,995.91667,No
51004,Rapid City  Area 51-4,West Middle Sch,37,17-18 West Middle Sch,162,61043,1017.38333,No
51004,Rapid City  Area 51-4,Woodrow Wilson Elem,17,17-18 Woodrow Wilson Elem,162,61365,1022.75,No
56004,Redfield 56-4,George S. Mickelson Alternative Elem,6,17-18 George S. Mickelson Alte,168,61454,924,No
56004,Redfield 56-4,George S. Mickelson Alternative HS,4,17-18 George S. Mickelson Alte,169,62205,1036.75,No
56004,Redfield 56-4,Redfield Elementary School,3, 17-18 Redfield Elementary K-2,169,59920,998.66667,No
56004,Redfield 56-4,Redfield Elementary School,3,17-18 Redfield Elementary ,168,59565,992.75,No
56004,Redfield 56-4,Redfield High School,1,17-18 Redfield High School,168,62865,1047.75,No
56004,Redfield 56-4,Redfield Middle School,2,17-18 Redfield Junior High Sch,168,62865,1047.75,No
54004,Rosholt 54-4,Rosholt Elementary,2,Rosholt Elementary 17-18,170,60040,1000.66667,No
54004,Rosholt 54-4,Rosholt High School,1,Rosholt High School 17-18,170,60040,1000.66667,No
54004,Rosholt 54-4,Rosholt Jr High,4,Rosholt Jr High 17-18,170,60040,1000.66667,No
54004,Rosholt 54-4,White Rock Colony Elem,3,White Rock Colony Elem 17-18,170,59685,994.75,No
39004,Rutland 39-4,Camridge Colony School,4,17-18 Camridge Colony School,165,58280,971.33,No
39004,Rutland 39-4,Rutland Elem,2,17-18 Rutland Elem,165,54525,908.75,No
39004,Rutland 39-4,Rutland Hi Sch,1,17-18 Rutland Hi Sch,165,58317,971.95,No
39004,Rutland 39-4,Rutland Jr Hi,3,17-18 Rutland Jr Hi,165,58317,971.95,No
54004,Rosholt 54-4,Rosholt Elementary,2,Rosholt Elementary 17-18,170,60040,1000.66667,No
54004,Rosholt 54-4,Rosholt High School,1,Rosholt High School 17-18,170,60040,1000.66667,No
54004,Rosholt 54-4,Rosholt Jr High,4,Rosholt Jr High 17-18,170,60040,1000.66667,No
54004,Rosholt 54-4,White Rock Colony Elem,3,White Rock Colony Elem 17-18,170,59685,994.75,No
55005,Sanborn Central 55-5,Sanborn Central Elementary,6,17-18 Sanborn Central Elementa,167,61190,1019.83333,No
55005,Sanborn Central 55-5,Sanborn Central High School,1,17-18 Sanborn Central High Sch,167,66095,1101.58333,No
55005,Sanborn Central 55-5,Sanborn Central Middle School,2,17-18 Sanborn Central Middle S,167,66095,1101.58333,No
55005,Sanborn Central 55-5,Upland Colony ,5, 17-18 Upland Colony K-5,167,58655,977.58333,No
55005,Sanborn Central 55-5,Upland Colony ,5,17-18 Upland Colony  6-8,167,61070,1017.83333,No
4003,Scotland 04-3,Scotland Elementary School,2,17-18 Scotland Elementary Scho,168,60300,1005,No
4003,Scotland 04-3,Scotland High School,1,17-18 Scotland High School,168,64540,1075.66667,No
4003,Scotland 04-3,Scotland Middle School,5,17-18 Scotland Middle School,168,64540,1075.66667,No
62005,Selby  Area 62-5,Selby Elem K-6,2,17-18 Selby Elem K-6,173,63763,1062.71667,No
62005,Selby  Area 62-5,Selby Hi Sch,1,17-18 Selby Hi Sch,173,66341,1105.68333,No
62005,Selby  Area 62-5,Selby Jr Hi,3,17-18 Selby Jr Hi,173,66341,1105.68333,No
49005,Sioux Falls 49-5,All City Elementary,50,17-18 All City Elementary,172,59670,994.5,No
49005,Sioux Falls 49-5,Anne Sullivan Elementary,20,17-18 Anne Sullivan Elementary,172,58920,982,No
49005,Sioux Falls 49-5,Bridges at Horace Mann,52,17-18 Bridges at Horace Mann,172,56385,939.75,No
49005,Sioux Falls 49-5,Challenge Center,51,17-18 Challenge Center,172,58920,982,No
49005,Sioux Falls 49-5,Cleveland Elementary,14,17-18 Cleveland Elementary,172,58920,982,No
49005,Sioux Falls 49-5,Community Campus,41,17-18 Community Campus,174,58290,971.5,No
49005,Sioux Falls 49-5,Discovery Elementary,26,17-18 Discovery Elementary,172,58920,982,No
49005,Sioux Falls 49-5,Edison Middle School,6,17-18 Edison Middle School,172,62207,1036.78333,No
49005,Sioux Falls 49-5,Edison Middle School,6,17-18 Edison Odyssey,172,62376,1039.6,No
49005,Sioux Falls 49-5,Elem. Immersion Center,43,17-18 Elem. Immersion Center,172,56385,939.75,No
49005,Sioux Falls 49-5,Eugene Field A+ Elementary,16,17-18 Eugene Field A+ Elementa,172,58920,982,No
49005,Sioux Falls 49-5,FLEX,45,17-18 FLEX,174,68190,1136.5,No
49005,Sioux Falls 49-5,Garfield Elementary,19,17-18 Garfield Elementary,172,58920,982,No
49005,Sioux Falls 49-5,George McGovern Middle School,9,17-18 George McGovern Middle S,172,62207,1036.78333,No
49005,Sioux Falls 49-5,George McGovern Middle School,9,17-18 George McGovern Odyssey,172,62376,1039.6,No
49005,Sioux Falls 49-5,Harvey Dunn Elementary,54,17-18 Harvey Dunn Elementary,172,58920,982,No
49005,Sioux Falls 49-5,Hawthorne Elementary,56,17-18 Hawthorne Elementary,172,58920,982,No
49005,Sioux Falls 49-5,Hayward Elementary,38,17-18 Hayward Elementary,172,58920,982,No
49005,Sioux Falls 49-5,John F Kennedy Elementary,57,17-18 John F Kennedy Elementar,172,58920,982,No
49005,Sioux Falls 49-5,John Harris Elementary,23,17-18 John Harris Elementary,172,58920,982,No
49005,Sioux Falls 49-5,Laura B. Anderson Elementary,10,17-18 Laura B. Anderson Elemen,172,58920,982,No
49005,Sioux Falls 49-5,Laura Wilder Elementary,31,17-18 Laura Wilder Elementary,172,58920,982,No
49005,Sioux Falls 49-5,Lincoln High School,2,17-18 JoeFoss at Lincoln,174,59428,990.46667,No
49005,Sioux Falls 49-5,Lincoln High School,2,17-18 Lincoln High School,174,59428,990.46667,No
49005,Sioux Falls 49-5,Lowell Elementary,28,17-18 Lowell Elementary,172,58920,982,No
49005,Sioux Falls 49-5,Memorial Middle School,4,17-18 Memorial Middle School,172,62207,1036.78333,No
49005,Sioux Falls 49-5,Memorial Middle School,4,17-18 Memorial Odyssey,172,62376,1039.6,No
49005,Sioux Falls 49-5,MS Immersion Center,53,17-18 MS Immersion McGovern,172,62207,1036.78333,No
49005,Sioux Falls 49-5,MS Immersion Center,53,17-18 MS Immersion Whittier,172,62207,1036.78333,No
49005,Sioux Falls 49-5,New Technology High School,30,17-18 JoeFoss at New Tech,174,59250,987.5,No
49005,Sioux Falls 49-5,New Technology High School,30,17-18 New Technology High Scho,174,59250,987.5,No
49005,Sioux Falls 49-5,Oscar Howe Elementary,58,17-18 Oscar Howe Elementary,172,58920,982,No
49005,Sioux Falls 49-5,Patrick Henry Middle School,7,17-18 Patrick Henry Middle Sch,172,62207,1036.78333,No
49005,Sioux Falls 49-5,Patrick Henry Middle School,7,17-18 Patrick Henry Odyssey,172,62376,1039.6,No
49005,Sioux Falls 49-5,Penitentiary,64,17-18 Penitentiary,174,37320,622,No
49005,Sioux Falls 49-5,R. F. Pettigrew Elementary,17,17-18 R. F. Pettigrew Elementa,172,58920,982,No
49005,Sioux Falls 49-5,Renberg Elementary,42,17-18 Renberg Elementary,172,58920,982,No
49005,Sioux Falls 49-5,Robert Frost Elementary,18,17-18 Robert Frost Elementary,172,58920,982,No
49005,Sioux Falls 49-5,Roosevelt High School,3,17-18 JoeFoss at Roosevelt,174,61315,1021.91667,No
49005,Sioux Falls 49-5,Roosevelt High School,3,17-18 Roosevelt High School,174,61315,1021.91667,No
49005,Sioux Falls 49-5,Rosa Parks Elementary,15,17-18 Rosa Parks Elementary,172,58920,982,No
49005,Sioux Falls 49-5,Sonia Sotomayor Elementary,65,17-18 Sonia Sotomayor Elementa,172,58920,982,No
49005,Sioux Falls 49-5,Structured Teaching Program,12,17-18 Structured Teaching Prog,174,63090,1051.5,No
49005,Sioux Falls 49-5,Success Academy,39,17-18 Success Academy,174,63090,1051.5,No
49005,Sioux Falls 49-5,Summit Oaks Day Program,40,17-18 Summit Oaks Day Program,236,78450,1307.5,No
49005,Sioux Falls 49-5,Summit Oaks Residential Program,48,17-18 Summit Oaks Residential ,236,78450,1307.5,No
49005,Sioux Falls 49-5,Susan B. Anthony Elementary,66,17-18 Susan B. Anthony Element,172,58920,982,No
49005,Sioux Falls 49-5,Terry Redlin Elementary,11,17-18 Terry Redlin Elementary,172,58920,982,No
49005,Sioux Falls 49-5,VOA - Adol Treat - 73,73,17-18 VOA - Adol Treat - 73,174,32130,535.5,No
49005,Sioux Falls 49-5,Washington High School,1,17-18 JoeFoss at Washington,174,61485,1024.75,No
49005,Sioux Falls 49-5,Washington High School,1,17-18 Washington High School,174,61485,1024.75,No
49005,Sioux Falls 49-5,Whittier Middle School,8,17-18 Whittier Middle School,172,62207,1036.78333,No
49005,Sioux Falls 49-5,Whittier Middle School,8,17-18 Whittier Odyssey,172,62376,1039.6,No
5005,Sioux Valley 05-5,Sioux Valley Elementary School,2,17-18 Sioux Valley Elementary ,173,63268,1054.46667,No
5005,Sioux Valley 05-5,Sioux Valley High School,1,17-18 Sioux Valley High School,173,65555,1092.58333,No
5005,Sioux Valley 05-5,Sioux Valley Middle School,4,17-18 Sioux Valley Middle Scho,173,65248,1087.46667,No
54002,Sisseton 54-2,Sisseton High School,1,17-18 SHS,166,62416,1040.26667,No
54002,Sisseton 54-2,Sisseton Middle School,2,17-18 SMS,166,61586,1026.43333,No
54002,Sisseton 54-2,Westside Elementary School,3,WS 17-18,166,63080,1051.33333,No
15003,Smee 15-3,Wakpala Elementary,2,Wakpala Elementary 17-18,163,60480,1008,No
15003,Smee 15-3,Wakpala High School,1,Wakpala High School 17-18,163,60480,1008,No
15003,Smee 15-3,Wakpala MS,4,Wakpala MS 17-18,163,60480,1008,No
26005,South Central 26-5,South Central Elementary,3,17-18 South Central Elementary,171,57630,960.5,No
26005,South Central 26-5,South Central High School,1,17-18 South Central High Schoo,349,123954,2065.9,No
26005,South Central 26-5,South Central MS,2,17-18 South Central MS,349,123990,2066.5,No
40002,Spearfish 40-2,Black Hills Education Connections ,6,17-18 Black Hills Education Co,193,70059,1167.65,No
40002,Spearfish 40-2,Creekside Elem,7,17-18 Creekside Elem,170,59310,988.5,No
40002,Spearfish 40-2,Mountain View Elem,8,17-18 Mountain View Elem,168,52755,879.25,No
40002,Spearfish 40-2,Spearfish Academy at Canyon Hills Elementary,9,Spearfish Academy Elem,170,63920,1065.33333,No
40002,Spearfish 40-2,Spearfish Academy at Canyon Hills High School,10,17-18 Spearfish Academy at Can,168,63168,1052.8,No
40002,Spearfish 40-2,Spearfish High School,1,17-18 Spearfish High School,170,60662,1011.03333,No
40002,Spearfish 40-2,Spearfish MS,5,17-18 Spearfish MS,170,61169,1019.48333,No
40002,Spearfish 40-2,West Elementary,3,17-18 West Elementary,170,53490,891.5,No
57001,Stanley County 57-1,Cheyenne Elementary,6,17-18 Cheyenne Elementary,196,82450,1374.16667,Yes
57001,Stanley County 57-1,Cheyenne Elementary,6,17-18 Cheyenne Elementary KG,118,50540,842.33333,Yes
57001,Stanley County 57-1,Stanley County Elementary,8,17-18 Stanley County Elem JK,196,65051,1084.18333,Yes
57001,Stanley County 57-1,Stanley County Elementary,8,17-18 Stanley County Elementar,150,60180,1003,Yes
57001,Stanley County 57-1,Stanley County High School,1,17-18 Stanley County High Scho,150,61280,1021.33333,Yes
57001,Stanley County 57-1,Stanley County Middle School,2,17-18 Stanley County Middle Sc,150,61280,1021.33333,Yes
54006,Summit 54-6,Summit Elementary,2,17-18 Summit Elem 7/8,153,58653,977.55,Yes
54006,Summit 54-6,Summit Elementary,2,17-18 Summit Elem Kind,153,58653,977.55,Yes
54006,Summit 54-6,Summit Elementary,2,17-18 Summit Elementary,153,58254,970.9,Yes
54006,Summit 54-6,Summit High School,1,17-18 Summit High School,153,58653,977.55,Yes
41005,Tea Area 41-5,Tea Area Frontier Elementary,5,17-18 Tea Area Frontier Elemen,173,61820,1030.33333,No
41005,Tea Area 41-5,Tea Area High School,3,17-18 Tea Area High School,173,63040,1050.66667,No
41005,Tea Area 41-5,Tea Area Legacy Elementary,1,17-18 Tea Area Legacy Elementa,173,61820,1030.33333,No
41005,Tea Area 41-5,Tea Area Middle School,2,17-18 Tea Area Middle School,173,63650,1060.83333,No
20003,Timber Lake 20-3,Timber Lake Elementary K-5,2,17-18 Elem,180,59200,986.66667,No
20003,Timber Lake 20-3,Timber Lake Elementary K-5,2,17-18 K1,87,28860,481,No
20003,Timber Lake 20-3,Timber Lake High School 9-12,1,17-18 HS,169,58855,980.91667,No
20003,Timber Lake 20-3,Timber Lake Middle 6-8,3,17-18 MS,169,57961,966.01667,No
66001,Todd County 66-1,He Dog School,5,17-18 He Dog School,165,60188,1003.13333,No
66001,Todd County 66-1,Klein Elementary,8,17-18 Klein Elementary,165,60555,1009.25,No
66001,Todd County 66-1,Lakeview Elementary,9,17-18 Lakeview Elementary,165,60555,1009.25,No
66001,Todd County 66-1,Littleburg Elementary,12,17-18 Littleburg Elementary,165,60555,1009.25,No
66001,Todd County 66-1,O'Kreek Elementary,14,17-18 O'Kreek Elementary,164,60188,1003.13333,No
66001,Todd County 66-1,Resource Center,11,17-18 Resource Center,167,61289,1021.48333,No
66001,Todd County 66-1,Rosebud Elementary,4,17-18 Rosebud Elementary,166,60555,1009.25,No
66001,Todd County 66-1,Spring Creek Elem,7,17-18 Spring Creek Elem,164,59821,997.01667,No
66001,Todd County 66-1,Todd County Achievement High School,17,17-18 Todd County Achievement ,165,58080,968,No
66001,Todd County 66-1,Todd County Achievement Middle School,18,17-18 Todd County Achievement ,165,57768,962.8,No
66001,Todd County 66-1,Todd County Elem,16,17-18 Todd County Elem,166,61875,1031.25,No
66001,Todd County 66-1,Todd County HS,1,17-18 Todd County HS,165,59730,995.5,No
66001,Todd County 66-1,Todd County MS,10,17-18 Todd County MS,165,61875,1031.25,No
66001,Todd County 66-1,Wanbli Wiconi Tipi,88,17-18 Wanbli Wiconi Tipi,168,61992,1033.2,No
49006,Tri-Valley 49-6,Tri-Valley Elementary,2,17-18 Tri-Valley Elementary,172,62664,1044.4,No
49006,Tri-Valley 49-6,Tri-Valley High School,1,17-18 Tri-Valley High School,172,62834,1047.23333,No
49006,Tri-Valley 49-6,Tri-Valley Jr High,3,17-18 Tri-Valley Jr High,172,62834,1047.23333,No
33005,Tripp-Delmont 33-5,Clearfield Colony Elementary,7,17-18 Clearfield Colony Elemen,146,54596,909.93,Yes
33005,Tripp-Delmont 33-5,Greenwood Colony Elementary,5,17-18 Greenwood Colony Element,146,54596,909.93,Yes
33005,Tripp-Delmont 33-5,Tripp-Delmont Elementary K-6,3,17-18 Tripp-Delmont Elementary,146,58575,976.25,Yes
33005,Tripp-Delmont 33-5,Tripp-Delmont High School,1,17-18 Tripp-Delmont High Schoo,146,58714,978.56667,Yes
33005,Tripp-Delmont 33-5,Tripp-Delmont JH,2,17-18 Tripp-Delmont JH,146,58714,978.56667,Yes
13001,Vermillion 13-1,Austin Elementary School,3,17-18 Austin Elementary School,173,58284,971.4,No
13001,Vermillion 13-1,Jolley Elementary School,4,17-18 Jolley Elementary School,173,59892,998.2,No
13001,Vermillion 13-1,Vermillion High School,1,17-18 Vermillion High School,172,61795,1029.91667,No
13001,Vermillion 13-1,Vermillion Middle School,2,17-18 Vermillion Middle School,172,60527,1008.78333,No
60006,Viborg-Hurley 60-6,Cameron Colony,4,17-18 Cameron Colony,177,58926,982.1,No
60006,Viborg-Hurley 60-6,Viborg-Hurley Elementary,2,17-18 Viborg-Hurley Elementary,151,59256,987.6,Yes
60006,Viborg-Hurley 60-6,Viborg-Hurley High School,1,17-18 Viborg-Hurley High Schoo,151,61772,1029.53333,Yes
60006,Viborg-Hurley 60-6,Viborg-Hurley Middle School,3,17-18 Viborg-Hurley Middle Sch,151,58960,982.66667,Yes
11004,Wagner Community 11-4,Wagner Elementary School,2,17-18 Wagner Elementary School,170,58930,982.16667,No
11004,Wagner Community 11-4,Wagner High School,1,17-18 Wagner High School,170,64090,1068.16667,No
11004,Wagner Community 11-4,Wagner Middle School,3,17-18 WMS 5-6,170,58517,975.28333,No
11004,Wagner Community 11-4,Wagner Middle School,3,17-18 WMS 7-8,170,58517,975.28333,No
11004,Wagner Community 11-4,Wagner Primary School,4,WPSK1 17-18,165,57376,956.26667,No
11004,Wagner Community 11-4,Wagner Primary School,4,WPSKG 17-18,165,57376,956.26667,No
51005,Wall 51-5,Big White Elementary School,8,17-18 Big White Elementary Sch,146,58380,973,Yes
51005,Wall 51-5,Wall Elementary School,2,17-18 Wall Elementary School,146,58380,973,Yes
51005,Wall 51-5,Wall High School,1,17-18 Wall High School,146,57960,966,Yes
51005,Wall 51-5,Wall Middle School,6,17-18 Wall Middle School,146,58800,980,Yes
6005,Warner 06-5,Warner Elementary School,2,17-18 Warner Elementary School,169,58808,980.13333,No
6005,Warner 06-5,Warner Hi Sch,1,17-18 Warner Hi Sch,169,62763,1046.05,No
6005,Warner 06-5,Warner Middle Sch,3,17-18 Warner Middle Sch,169,62681,1044.68333,No
14004,Watertown 14-4,Jefferson Elementary,9,17-18 Jefferson Elementary,174,64200,1070,No
14004,Watertown 14-4,Lincoln Elementary School,5,17-18 Lincoln Elementary Schoo,175,64350,1072.5,No
14004,Watertown 14-4,McKinley Elementary School,6,17-18 McKinley Elementary Scho,175,64350,1072.5,No
14004,Watertown 14-4,Mellette Elementary School,7,17-18 Mellette Elementary Scho,176,64200,1070,No
14004,Watertown 14-4,Roosevelt Elementary,8,17-18 Roosevelt Elementary,174,64200,1070,No
14004,Watertown 14-4,Watertown High School,1,17-18 Watertown High School,174,64112,1068.53333,No
14004,Watertown 14-4,Watertown Intermediate,13,17-18 Watertown Intermediate,174,64200,1070,No
14004,Watertown 14-4,Watertown Middle School,2,17-18 Watertown Middle School,174,62864,1047.73333,No
18003,Waubay 18-3,Waubay Elem,2,17-18 Waubay Elem K-5,169,59835,997.25,No
18003,Waubay 18-3,Waubay Hi Sch,1,17-18 Waubay Hi Sch,169,62134,1035.56667,No
18003,Waubay 18-3,Waubay Middle School,3,17-18 Waubay Middle School,169,62134,1035.56667,No
14005,Waverly 14-5,Waverly/South Shore Elementary,2,17-18 Waverly/South Shore Elem,174,63348,1055.8,No
14005,Waverly 14-5,Waverly/South Shore High School,1,17-18 Waverly/South Shore High,174,63108,1051.8,No
14005,Waverly 14-5,Waverly/South Shore Middle School,3,17-18 Waverly/South Shore Midd,174,63480,1058,No
18005,Webster Area,Webster Area Elementary School,3,17-18 Webster Area Elementary ,170,60920,1015.33333,No
18005,Webster Area,Webster Area Elementary School,3,17-18 Webster Area K1,99,35700,595,No
18005,Webster Area,Webster Area High School,1,17-18 Webster Area High School,170,63470,1057.83333,No
18005,Webster Area,Webster Area Middle School,2,17-18 Webster Area Middle Scho,170,62280,1038,No
36002,Wessington Springs 36-2,Spring Valley Elementary,5,17-18 Spring Valley Elementary,167,60120,1002,No
36002,Wessington Springs 36-2,Wessington Springs Elem,2,17-18 Wessington Springs Elem,165,64350,1072.5,No
36002,Wessington Springs 36-2,Wessington Springs Elementary Cyber School,94,17-18 Wessington Springs Eleme,260,109200,1820,No
36002,Wessington Springs 36-2,Wessington Springs Hi Sch,1,17-18 Wessington Springs Hi Sc,165,64845,1080.75,No
36002,Wessington Springs 36-2,Wessington Springs High School Cyber School,92,17-18 Wessington Springs High ,260,109200,1820,No
36002,Wessington Springs 36-2,Wessington Springs Jr. High,4,17-18 Wessington Springs MS,165,64515,1075.25,No
36002,Wessington Springs 36-2,Wessington Springs Middle School Cyber School,93,17-18 Wessington Springs Middl,260,109200,1820,No
49007,West Central 49-7,Sequel Transition Academy,7,17-18 Sequel Transition Academ,170,64935,1082.25,No
49007,West Central 49-7,West Central Hartford Elem,5,17-18 West Central Hartford El,170,62240,1037.33333,No
49007,West Central 49-7,West Central Hi Sch,1,17-18 West Central Hi Sch,170,64519,1075.31667,No
49007,West Central 49-7,West Central Humboldt Elem,2,17-18 West Central Humboldt El,170,62240,1037.33333,No
49007,West Central 49-7,West Central MS,4,17-18 West Central MS,170,63376,1056.26667,No
1003,White Lake 01-3,White Lake Elementary,2,17-18 White Lake Elementary,168,57477,957.95,No
1003,White Lake 01-3,White Lake Elementary,2,17-18 White Lake Jr. Kind.,166,30810,513.5,No
1003,White Lake 01-3,White Lake Elementary,2,17-18 White Lake Kindergarten,175,59976,999.6,No
1003,White Lake 01-3,White Lake High School,1,17-18 White Lake High School,168,63112,1051.86667,No
1003,White Lake 01-3,White Lake JH,3,17-18 White Lake JH,168,59976,999.6,No
47001,White River 47-1,Norris Elementary,8,17-18 Norris Elementary,151,60853,1014.21667,Yes
47001,White River 47-1,White River Elementary,2,17-18 White River Elementary,151,60853,1014.21667,Yes
47001,White River 47-1,White River High School,1,17-18 White River High School,151,62363,1039.38333,Yes
47001,White River 47-1,White River Middle Sch,4,17-18 White River Middle Sch,151,62665,1044.41667,Yes
12003,Willow Lake 12-3,Willow Lake Elem,2,17-18 Willow Lake Elem (K-5),163,54390,906.5,No
12003,Willow Lake 12-3,Willow Lake Hi Sch,1,17-18 Willow Lake Hi School,163,59280,988,No
12003,Willow Lake 12-3,Willow Lake Middle School,3,17-18 Willow Lake Middle Schoo,163,59280,988,No
12003,Willow Lake 12-3,Collins Colony Elem,6,17-18 Collins Colony Elem,163,54390,906.5,No
12003,Willow Lake 12-3,Mayfield Colony Elem,4,17-18 Mayfield Colony Elem,163,54390,906.5,No
12003,Willow Lake 12-3,Shamrock Colony,5,17-18 Shamrock Colony,163,54390,906.5,No
54007,Wilmot 54-7,Wilmot Elem,2,17-18 Elementary,172,62464,1041.06667,No
54007,Wilmot 54-7,Wilmot Hi Sch,1,17-18 Wilmot Hi Sch,172,58508,975.13333,No
54007,Wilmot 54-7,Wilmot Jr. High,3,17-18 Wilmot Jr. High,172,57824,963.73333,No
59002,Winner 59-2,Winner Elementary,4,17-18 Winner Elementary,149,59600,993.33333,Yes
59002,Winner 59-2,Winner High School,1,17-18 Winner High School,149,58259,970.98333,Yes
59002,Winner 59-2,Winner Middle School,2,17-18 Winner Middle School,149,58259,970.98333,Yes
2006,Wolsey-Wessington 02-6,Wolsey-Wessington Elementary,2,17-18 Wolsey-Wessington Elemen,153,55420,923.66667,Yes
2006,Wolsey-Wessington 02-6,Wolsey-Wessington High School,1,17-18 Wolsey-Wessington High S,153,58240,970.66667,Yes
2006,Wolsey-Wessington 02-6,Wolsey-Wessington Middle School,3,17-18 Wolsey-Wessington Middle,153,58240,970.66667,Yes
55004,Woonsocket 55-4,Woonsocket Elementary,3,17-18 Woonsocket Elementary,174,58068,967.8,No
55004,Woonsocket 55-4,Woonsocket Elementary,3,17-18 Woonsocket Jr. High,169,58980,983,No
55004,Woonsocket 55-4,Woonsocket High School,1,17-18 Woonsocket High School,168,58615,976.91667,No
63003,Yankton 63-3,Beadle Elem,3,17-18 Beadle Elem,173,58915,981.91667,No
63003,Yankton 63-3,Lincoln Elem,4,17-18 Lincoln Elem,173,58915,981.91667,No
63003,Yankton 63-3,Stewart Elem,5,17-18 Stewart Elem,173,58915,981.91667,No
63003,Yankton 63-3,Webster Elem,6,17-18 Webster Elem,173,58915,981.91667,No
63003,Yankton 63-3,Yankton Hi Sch,1,17-18 Yankton Hi Sch,173,70506,1175.1,No
63003,Yankton 63-3,Yankton Middle School,2,17-18 Yankton Middle School,173,68847,1147.45,No